{
  "input": {
    "files": 44,
    "rows": 720896,
    "columns": 4096,
    "tau": 0.125
  },
  "method": {
    "name": "LF2 pivot-per-bucket",
    "block": 15,
    "rounds": 4
  },
  "stages": [
    {
      "input_rows": 720896,
      "output_rows": 688128,
      "occupied_buckets": 32768,
      "expected_occupied_uniform": 32767.99999086254,
      "empty_buckets": 0,
      "max_bucket": 44,
      "mean_nonempty_bucket": 22.0,
      "y_rate": 0.49986194428943453,
      "seconds": 0.5135813999804668,
      "level": 1,
      "eliminated_columns": 15,
      "residual_columns": 4081,
      "ideal_independent_bias": 0.5625,
      "optimistic_capacity_bits": 166610.60933037905
    },
    {
      "input_rows": 688128,
      "output_rows": 655360,
      "occupied_buckets": 32768,
      "expected_occupied_uniform": 32767.999975161427,
      "empty_buckets": 0,
      "max_bucket": 40,
      "mean_nonempty_bucket": 21.0,
      "y_rate": 0.5001907348632812,
      "seconds": 0.5069679000298493,
      "level": 2,
      "eliminated_columns": 30,
      "residual_columns": 4066,
      "ideal_independent_bias": 0.31640625,
      "optimistic_capacity_bits": 48150.72746104808
    },
    {
      "input_rows": 655360,
      "output_rows": 622592,
      "occupied_buckets": 32768,
      "expected_occupied_uniform": 32767.99993248073,
      "empty_buckets": 0,
      "max_bucket": 41,
      "mean_nonempty_bucket": 20.0,
      "y_rate": 0.4998731111225329,
      "seconds": 0.49178549996577203,
      "level": 3,
      "eliminated_columns": 45,
      "residual_columns": 4051,
      "ideal_independent_bias": 0.1001129150390625,
      "optimistic_capacity_bits": 4508.749084303399
    },
    {
      "input_rows": 622592,
      "output_rows": 589824,
      "occupied_buckets": 32768,
      "expected_occupied_uniform": 32767.999816460786,
      "empty_buckets": 0,
      "max_bucket": 39,
      "mean_nonempty_bucket": 19.0,
      "y_rate": 0.5015869140625,
      "seconds": 0.4488689000136219,
      "level": 4,
      "eliminated_columns": 60,
      "residual_columns": 4036,
      "ideal_independent_bias": 0.010022595757618546,
      "optimistic_capacity_bits": 42.740016265626764
    }
  ],
  "final": {
    "residual_columns": 4036,
    "rank_A": 4036,
    "rank_Ay": 4037,
    "first_full_rank_A_at": 4041,
    "first_full_rank_Ay_at": 4041,
    "y_in_column_span_of_A": false,
    "rows_scanned": 4041,
    "fingerprint_collision_pairs": 0,
    "exact_duplicate_pairs": 0,
    "y_rate": 0.5015869140625
  },
  "seconds": {
    "load": 3.7460041999584064,
    "total": 7.1780981999472715
  },
  "interpretation": "Prefix reduction only; no exhaustive final decoder is attempted."
}
